,allTopoSortsNumber,recursiveLongestTime,recursiveShortestTime,recursiveAverageTime,biggestEquivClasses,smallestEquivClasses,averageEquivClasses
"2 Levels, 2 Branching",2,0.0001709461212158203,0.00015926361083984375,0.00016510486602783203,2,1,1.5
"3 Levels, 2 Branching",80,0.0007963180541992188,0.00015974044799804688,0.0004386107126871745,10,1,5.333333333333333
"4 Levels, 2 Branching",21964800,0.031990766525268555,0.000263214111328125,0.01124793291091919,260,1,104.25
"5 Levels, 2 Branching",74836825861835980800000,12.28958773612976,0.0003705024719238281,3.9947930812835692,176020,1,56462.0
"6 Levels, 2 Branching",2606654998899867556195703676289609067340669424836280320000000000,,,,80675246600,1,21565190383.5