Feature,Smoker value,ASV,Shapley
Cancer,False,-0.009067499999999895,0.00339973776282368
Cancer,True,0.009067500000000003,-0.0033997377628236926
Pollution,False,-0.0011407500000000237,-0.014580449192039942
Pollution,True,0.0011407499999999994,0.014580449192039942
Xray,False,0.0,0.08748810728318088
Xray,True,0.0,-0.08748810728318067
Dyspnoea,False,0.0,0.013275937479368838
Dyspnoea,True,0.0,-0.01327593747936886
Sum,[-0.01020825  0.01020825],[ 0.08958333 -0.08958333]
