Feature,Pollution value, ASV,Shapley
Xray,high,0.0,-0.003008490054675718
Xray,low,0.0,0.003008490054675711
Cancer,high,0.0,-0.0007497625661569444
Cancer,low,0.0,0.0007497625661569212
Smoker,high,-0.007350000000000001,-0.020958678284202455
Smoker,low,0.0,0.020958678284202184
Dyspnoea,high,0.0,-0.01512471329981664
Dyspnoea,low,0.0,0.015124713299816597
Sum,[-0.00735  0.     ],[-0.03984164  0.03984164]
