Feature,Pollution value, ASV,Shapley
Xray,high,0.0,-0.003008490054675718
Xray,low,0.0,0.003008490054675711
Cancer,high,0.0015445579292062972,-0.0007497625661569444
Cancer,low,-0.0015445579292061584,0.0007497625661569212
Smoker,high,-0.016426973118005478,-0.020958678284202455
Smoker,low,0.01642697311800545,0.020958678284202184
Dyspnoea,high,-0.028455592435009246,-0.01512471329981664
Dyspnoea,low,0.02845559243500917,0.015124713299816597
Sum,[-0.04333801  0.04333801],[-0.03984164  0.03984164]
